{
	"song": {
		"player1": "BFdura",
		"gfVersion": "gf",
		"notes": [
			{
				"sectionBeats": 4,
				"sectionNotes": [
					[
						512.820512820513,
						7,
						0
					],
					[
						1025.64102564103,
						6,
						0
					],
					[
						1025.64102564103,
						5,
						384.615384615385
					],
					[
						1538.46153846154,
						4,
						0
					],
					[
						1794.87179487179,
						5,
						128.205128205128
					]
				],
				"typeOfSection": 0,
				"gfSection": false,
				"altAnim": false,
				"mustHitSection": true,
				"changeBPM": false,
				"bpm": 150
			},
			{
				"sectionBeats": 4,
				"sectionNotes": [
					[
						2307.69230769231,
						7,
						0
					],
					[
						2435.89743589744,
						6,
						0
					],
					[
						2692.30769230769,
						4,
						0
					],
					[
						2820.51282051282,
						5,
						0
					],
					[
						3076.92307692308,
						7,
						0
					],
					[
						3205.12820512821,
						5,
						0
					],
					[
						3717.94871794872,
						6,
						0
					],
					[
						3846.15384615385,
						5,
						0
					],
					[
						3974.35897435897,
						7,
						0
					],
					[
						3461.53846153846,
						4,
						128.205128205128
					]
				],
				"typeOfSection": 0,
				"gfSection": false,
				"altAnim": false,
				"mustHitSection": true,
				"changeBPM": false,
				"bpm": 150
			},
			{
				"sectionBeats": 4,
				"sectionNotes": [
					[
						4615.38461538462,
						3,
						0
					],
					[
						5128.20512820513,
						2,
						0
					],
					[
						5128.20512820513,
						1,
						384.615384615385
					],
					[
						5641.02564102564,
						0,
						0
					],
					[
						5897.4358974359,
						1,
						128.205128205128
					],
					[
						4102.5641025641,
						4,
						128.205128205128
					],
					[
						4102.5641025641,
						5,
						0
					],
					[
						4358.97435897436,
						6,
						0
					],
					[
						4487.17948717949,
						5,
						0
					],
					[
						4615.38461538462,
						7,
						0
					],
					[
						5000,
						6,
						128.205128205128
					],
					[
						5256.41025641026,
						5,
						128.205128205128
					],
					[
						4743.58974358974,
						4,
						128.205128205128
					],
					[
						5641.02564102564,
						4,
						0
					],
					[
						6025.64102564103,
						4,
						0
					],
					[
						5897.4358974359,
						6,
						0
					]
				],
				"typeOfSection": 0,
				"gfSection": false,
				"altAnim": false,
				"mustHitSection": true,
				"changeBPM": false,
				"bpm": 117
			},
			{
				"sectionBeats": 4,
				"sectionNotes": [
					[
						6410.25641025641,
						3,
						0
					],
					[
						6538.46153846154,
						2,
						0
					],
					[
						6794.87179487179,
						0,
						0
					],
					[
						6923.07692307692,
						1,
						0
					],
					[
						7179.48717948718,
						3,
						0
					],
					[
						7307.69230769231,
						1,
						0
					],
					[
						7820.51282051282,
						2,
						0
					],
					[
						7948.71794871795,
						1,
						0
					],
					[
						8076.92307692308,
						3,
						0
					],
					[
						7564.10256410256,
						0,
						128.205128205128
					],
					[
						6153.84615384615,
						7,
						128.205128205128
					],
					[
						6538.46153846154,
						5,
						128.205128205128
					],
					[
						6923.07692307692,
						4,
						128.205128205128
					],
					[
						7179.48717948718,
						6,
						128.205128205128
					],
					[
						7435.89743589744,
						4,
						128.205128205128
					],
					[
						7692.30769230769,
						6,
						128.205128205128
					],
					[
						7692.30769230769,
						5,
						0
					],
					[
						7948.71794871795,
						7,
						128.205128205128
					]
				],
				"typeOfSection": 0,
				"gfSection": false,
				"altAnim": false,
				"mustHitSection": true,
				"changeBPM": false,
				"bpm": 117
			},
			{
				"sectionBeats": 4,
				"sectionNotes": [
					[
						8205.12820512821,
						0,
						128.205128205128
					],
					[
						8205.12820512821,
						1,
						0
					],
					[
						8461.53846153846,
						2,
						128.205128205128
					],
					[
						8205.12820512821,
						4,
						128.205128205128
					],
					[
						8205.12820512821,
						5,
						0
					],
					[
						8461.53846153846,
						6,
						0
					],
					[
						8589.74358974359,
						5,
						0
					],
					[
						8846.15384615385,
						7,
						0
					],
					[
						9102.5641025641,
						6,
						0
					],
					[
						9102.5641025641,
						4,
						128.205128205128
					],
					[
						9358.97435897436,
						5,
						0
					],
					[
						9615.38461538462,
						6,
						0
					],
					[
						9743.58974358974,
						4,
						0
					],
					[
						9871.79487179487,
						5,
						0
					],
					[
						10000,
						7,
						0
					],
					[
						10128.2051282051,
						5,
						0
					]
				],
				"typeOfSection": 0,
				"gfSection": false,
				"altAnim": false,
				"mustHitSection": true,
				"changeBPM": false,
				"bpm": 117
			},
			{
				"sectionBeats": 4,
				"sectionNotes": [
					[
						10256.4102564103,
						0,
						128.205128205128
					],
					[
						10512.8205128205,
						1,
						128.205128205128
					],
					[
						10769.2307692308,
						3,
						128.205128205128
					],
					[
						11025.641025641,
						2,
						128.205128205128
					],
					[
						11025.641025641,
						1,
						0
					],
					[
						11794.8717948718,
						2,
						0
					],
					[
						11282.0512820513,
						0,
						384.615384615385
					],
					[
						11923.0769230769,
						1,
						0
					],
					[
						12051.2820512821,
						0,
						0
					],
					[
						12179.4871794872,
						1,
						0
					],
					[
						10256.4102564103,
						6,
						0
					],
					[
						10512.8205128205,
						4,
						0
					],
					[
						10641.0256410256,
						7,
						0
					],
					[
						10897.4358974359,
						5,
						0
					],
					[
						11025.641025641,
						6,
						0
					],
					[
						11153.8461538462,
						4,
						0
					],
					[
						11282.0512820513,
						7,
						0
					],
					[
						11410.2564102564,
						5,
						0
					],
					[
						11666.6666666667,
						6,
						0
					],
					[
						11794.8717948718,
						4,
						384.615384615385
					]
				],
				"typeOfSection": 0,
				"gfSection": false,
				"altAnim": false,
				"mustHitSection": true,
				"changeBPM": false,
				"bpm": 117
			},
			{
				"sectionBeats": 4,
				"sectionNotes": [
					[
						12564.1025641026,
						7,
						0
					],
					[
						12692.3076923077,
						4,
						0
					],
					[
						12948.7179487179,
						5,
						0
					],
					[
						13205.1282051282,
						7,
						0
					],
					[
						12307.6923076923,
						5,
						128.205128205128
					],
					[
						13461.5384615385,
						6,
						0
					],
					[
						13717.9487179487,
						4,
						0
					],
					[
						13846.1538461538,
						5,
						0
					],
					[
						13974.358974359,
						7,
						0
					],
					[
						14102.5641025641,
						5,
						0
					],
					[
						14230.7692307692,
						6,
						0
					],
					[
						12564.1025641026,
						2,
						0
					],
					[
						12692.3076923077,
						1,
						0
					],
					[
						12948.7179487179,
						1,
						0
					],
					[
						13205.1282051282,
						3,
						128.205128205128
					],
					[
						13461.5384615385,
						0,
						128.205128205128
					],
					[
						13717.9487179487,
						2,
						0
					],
					[
						13846.1538461538,
						3,
						0
					],
					[
						13974.358974359,
						1,
						0
					],
					[
						14102.5641025641,
						2,
						0
					],
					[
						14230.7692307692,
						0,
						0
					],
					[
						12307.6923076923,
						0,
						128.205128205128
					]
				],
				"typeOfSection": 0,
				"gfSection": false,
				"altAnim": false,
				"mustHitSection": true,
				"changeBPM": false,
				"bpm": 117
			},
			{
				"sectionBeats": 4,